accession	description
"SRR8581218"	"Illumina NovaSeq 6000 sequencing; WES of cholangiocarcinoma tissue"
"SRR8581216"	"Illumina NovaSeq 6000 sequencing; WES of cholangiocarcinoma xenograft"
"SRR8581226"	"Illumina NovaSeq 6000 sequencing; WES of cholangiocarcinoma tissue"
"SRR8581225"	"Illumina NovaSeq 6000 sequencing; WES of cholangiocarcinoma organoids (early)"
"SRR8581224"	"Illumina NovaSeq 6000 sequencing; WES of cholangiocarcinoma organoids (late)"
"SRR8581221"	"Illumina NovaSeq 6000 sequencing; WES of cholangiocarcinoma organoids (early)"
"SRR8581219"	"Illumina NovaSeq 6000 sequencing; WES of cholangiocarcinoma organoids (late)"
"SRR8581215"	"Illumina NovaSeq 6000 sequencing; WES of cholangiocarcinoma organoids (early)"
"SRR8581232"	"Illumina NovaSeq 6000 sequencing; WES of cholangiocarcinoma organoids (early)"
"SRR8581228"	"Illumina NovaSeq 6000 sequencing; WES of cholangiocarcinoma organoids (late)"
"SRR13444319"	"NextSeq 550 sequencing; whole exome sequencing of : 3737 Cholangiocarcinoma cancer sample"
"SRR9697628"	"NextSeq 550 sequencing; RNA-seq sequencing of : 4077 Cholangiocarcinoma cancer sample"
"SRR9697597"	"NextSeq 550 sequencing; RNA-seq sequencing of : 4272 Cholangiocarcinoma cancer sample"
"SRR9697890"	"NextSeq 550 sequencing; whole exome sequencing of : 4110 Cholangiocarcinoma cancer sample"
"SRR9697887"	"NextSeq 550 sequencing; whole exome sequencing of : 4203 Cholangiocarcinoma cancer sample"
"SRR9697803"	"NextSeq 550 sequencing; whole exome sequencing of : 4203 Cholangiocarcinoma cancer sample"
"SRR9697753"	"NextSeq 550 sequencing; whole exome sequencing of : 4203 Cholangiocarcinoma cancer sample"
"SRR9697728"	"NextSeq 550 sequencing; whole exome sequencing of : 4200 Cholangiocarcinoma cancer sample"
"SRR9697711"	"NextSeq 550 sequencing; RNA-seq sequencing of : 4272 Cholangiocarcinoma cancer sample"
"SRR9697642"	"NextSeq 550 sequencing; whole exome sequencing of : 3978 Cholangiocarcinoma cancer sample"
"SRR9697892"	"NextSeq 550 sequencing; whole exome sequencing of : 4107 Cholangiocarcinoma cancer sample"
"SRR9697776"	"NextSeq 550 sequencing; RNA-seq sequencing of : 4230 Cholangiocarcinoma cancer sample"
"SRR9697763"	"NextSeq 550 sequencing; whole exome sequencing of : 4272 Cholangiocarcinoma cancer sample"
"SRR9697736"	"NextSeq 550 sequencing; whole exome sequencing of : 4110 Cholangiocarcinoma cancer sample"
"SRR9697729"	"NextSeq 550 sequencing; whole exome sequencing of : 4200 Cholangiocarcinoma cancer sample"
"SRR9697698"	"NextSeq 550 sequencing; whole exome sequencing of : 3812 Cholangiocarcinoma cancer sample"
"SRR9697670"	"NextSeq 550 sequencing; RNA-seq sequencing of : 4107 Cholangiocarcinoma cancer sample"
"SRR9697666"	"NextSeq 550 sequencing; RNA-seq sequencing of : 4110 Cholangiocarcinoma cancer sample"
"SRR9697647"	"NextSeq 550 sequencing; whole exome sequencing of : 4220 Cholangiocarcinoma cancer sample"
"SRR6930006"	"Illumina HiSeq 2500 sequencing; ATAC-seq of Mus musculus intrahepatic cholangiocarcinoma"
"SRR6930005"	"Illumina HiSeq 2500 sequencing; ATAC-seq of Mus musculus intrahepatic cholangiocarcinoma"
"SRR6930004"	"Illumina HiSeq 2500 sequencing; ATAC-seq of Mus musculus intrahepatic cholangiocarcinoma"
"SRR6929996"	"Illumina HiSeq 2500 sequencing; ATAC-seq of Mus musculus intrahepatic cholangiocarcinoma"
"SRR9697883"	"NextSeq 550 sequencing; RNA-seq sequencing of : 4272 Cholangiocarcinoma cancer sample"
"SRR9697869"	"NextSeq 550 sequencing; whole exome sequencing of : 4272 Cholangiocarcinoma cancer sample"
"SRR9697853"	"NextSeq 550 sequencing; whole exome sequencing of : 4220 Cholangiocarcinoma cancer sample"
"SRR9697852"	"NextSeq 550 sequencing; whole exome sequencing of : 4220 Cholangiocarcinoma cancer sample"
"SRR9697847"	"NextSeq 550 sequencing; RNA-seq sequencing of : 4110 Cholangiocarcinoma cancer sample"
"SRR9697882"	"NextSeq 550 sequencing; RNA-seq sequencing of : 3812 Cholangiocarcinoma cancer sample"
"SRR9697873"	"NextSeq 550 sequencing; RNA-seq sequencing of : 3737 Cholangiocarcinoma cancer sample"
"SRR9697870"	"NextSeq 550 sequencing; whole exome sequencing of : 4272 Cholangiocarcinoma cancer sample"
"SRR9697859"	"NextSeq 550 sequencing; whole exome sequencing of : 4112 Cholangiocarcinoma cancer sample"
"SRR9697848"	"NextSeq 550 sequencing; RNA-seq sequencing of : 4112 Cholangiocarcinoma cancer sample"
"SRR9697822"	"NextSeq 550 sequencing; whole exome sequencing of : 4077 Cholangiocarcinoma cancer sample"
"SRR9697813"	"NextSeq 550 sequencing; whole exome sequencing of : 4230 Cholangiocarcinoma cancer sample"
"SRR9697805"	"NextSeq 550 sequencing; whole exome sequencing of : 4112 Cholangiocarcinoma cancer sample"
"SRR9697800"	"NextSeq 550 sequencing; RNA-seq sequencing of : 3978 Cholangiocarcinoma cancer sample"
"SRR9697782"	"NextSeq 550 sequencing; RNA-seq sequencing of : 4220 Cholangiocarcinoma cancer sample"
"SRR9697781"	"NextSeq 550 sequencing; RNA-seq sequencing of : 4220 Cholangiocarcinoma cancer sample"
"SRR9697780"	"NextSeq 550 sequencing; RNA-seq sequencing of : 4220 Cholangiocarcinoma cancer sample"
"SRR6930010"	"Illumina HiSeq 2500 sequencing; ATAC-seq of Mus musculus intrahepatic cholangiocarcinoma"
"SRR6930026"	"Illumina HiSeq 2500 sequencing; ATAC-seq of Mus musculus intrahepatic cholangiocarcinoma"
"SRR6930008"	"Illumina HiSeq 2500 sequencing; ATAC-seq of Mus musculus intrahepatic cholangiocarcinoma"
"SRR6930007"	"Illumina HiSeq 2500 sequencing; ATAC-seq of Mus musculus intrahepatic cholangiocarcinoma"
"SRR907163"	"Illumina HiSeq 2000 sequencing; Whole-exome sequencing of 7 human intrahepatic cholangiocarcinoma"
"SRR893106"	"Illumina HiSeq 2000 sequencing; Whole-exome sequencing of 7 human intrahepatic cholangiocarcinoma"
"SRR894448"	"Illumina HiSeq 2000 sequencing; Whole-exome sequencing of 7 human intrahepatic cholangiocarcinoma"
"SRR894453"	"Illumina HiSeq 2000 sequencing; Whole-exome sequencing of 7 human intrahepatic cholangiocarcinoma"
"SRR900082"	"Illumina HiSeq 2000 sequencing; Whole-exome sequencing of 7 human intrahepatic cholangiocarcinoma"
"SRR900099"	"Illumina HiSeq 2000 sequencing; Whole-exome sequencing of 7 human intrahepatic cholangiocarcinoma"
"SRR900122"	"Illumina HiSeq 2000 sequencing; Whole-exome sequencing of 7 human intrahepatic cholangiocarcinoma"
"SRR900123"	"Illumina HiSeq 2000 sequencing; Whole-exome sequencing of 7 human intrahepatic cholangiocarcinoma"
"SRR900919"	"Illumina HiSeq 2000 sequencing; Whole-exome sequencing of 7 human intrahepatic cholangiocarcinoma"
"SRR894454"	"Illumina HiSeq 2000 sequencing; Whole-exome sequencing of 7 human intrahepatic cholangiocarcinoma"
"SRR894461"	"Illumina HiSeq 2000 sequencing; Whole-exome sequencing of 7 human intrahepatic cholangiocarcinoma"
"SRR900089"	"Illumina HiSeq 2000 sequencing; Whole-exome sequencing of 7 human intrahepatic cholangiocarcinoma"
"SRR894447"	"Illumina HiSeq 2000 sequencing; Whole-exome sequencing of 7 human intrahepatic cholangiocarcinoma"
"SRR894452"	"Illumina HiSeq 2000 sequencing; Whole-exome sequencing of 7 human intrahepatic cholangiocarcinoma"
"SRR6930020"	"Illumina HiSeq 2500 sequencing; ChIP-seq for Prdm5 in Mus musculus intrahepatic cholangiocarcinoma"
"SRR6930017"	"Illumina HiSeq 2500 sequencing; ChIP-seq for Prdm5 in Mus musculus intrahepatic cholangiocarcinoma"
"SRR6930002"	"Illumina HiSeq 2500 sequencing; ChIP-seq for Prdm5 in Mus musculus intrahepatic cholangiocarcinoma"
"SRR6929998"	"Illumina HiSeq 2500 sequencing; ChIP-seq for Prdm5 in Mus musculus intrahepatic cholangiocarcinoma"
"SRR5058349"	"Illumina HiSeq 2500 sequencing; Genome-wide analysis of miR-106b targets in cholangiocarcinoma cells identifies tumor suppressors Kruppel-like factor-2 and-6, characterization of an antiapoptotic microRNA"
"SRR1535200"	"Illumina HiSeq 2000 paired end sequencing; Whole-exome sequencing of 103 intrahepatic cholangiocarcinoma patients"
"SRR1535201"	"Illumina HiSeq 2000 paired end sequencing; Whole-exome sequencing of 103 intrahepatic cholangiocarcinoma patients"
"SRR1535044"	"Illumina HiSeq 2000 paired end sequencing; Whole-exome sequencing of 103 intrahepatic cholangiocarcinoma patients"
"SRR1535045"	"Illumina HiSeq 2000 paired end sequencing; Whole-exome sequencing of 103 intrahepatic cholangiocarcinoma patients"
"SRR1535046"	"Illumina HiSeq 2000 paired end sequencing; Whole-exome sequencing of 103 intrahepatic cholangiocarcinoma patients"
"SRR1535047"	"Illumina HiSeq 2000 paired end sequencing; Whole-exome sequencing of 103 intrahepatic cholangiocarcinoma patients"
"SRR1535048"	"Illumina HiSeq 2000 paired end sequencing; Whole-exome sequencing of 103 intrahepatic cholangiocarcinoma patients"
"SRR1535049"	"Illumina HiSeq 2000 paired end sequencing; Whole-exome sequencing of 103 intrahepatic cholangiocarcinoma patients"
"SRR1535050"	"Illumina HiSeq 2000 paired end sequencing; Whole-exome sequencing of 103 intrahepatic cholangiocarcinoma patients"
"SRR1535051"	"Illumina HiSeq 2000 paired end sequencing; Whole-exome sequencing of 103 intrahepatic cholangiocarcinoma patients"
"SRR1535052"	"Illumina HiSeq 2000 paired end sequencing; Whole-exome sequencing of 103 intrahepatic cholangiocarcinoma patients"
"SRR1535053"	"Illumina HiSeq 2000 paired end sequencing; Whole-exome sequencing of 103 intrahepatic cholangiocarcinoma patients"
"SRR1535054"	"Illumina HiSeq 2000 paired end sequencing; Whole-exome sequencing of 103 intrahepatic cholangiocarcinoma patients"
"SRR1535055"	"Illumina HiSeq 2000 paired end sequencing; Whole-exome sequencing of 103 intrahepatic cholangiocarcinoma patients"
"SRR1535056"	"Illumina HiSeq 2000 paired end sequencing; Whole-exome sequencing of 103 intrahepatic cholangiocarcinoma patients"
"SRR1535057"	"Illumina HiSeq 2000 paired end sequencing; Whole-exome sequencing of 103 intrahepatic cholangiocarcinoma patients"
"SRR1535058"	"Illumina HiSeq 2000 paired end sequencing; Whole-exome sequencing of 103 intrahepatic cholangiocarcinoma patients"
"SRR1535059"	"Illumina HiSeq 2000 paired end sequencing; Whole-exome sequencing of 103 intrahepatic cholangiocarcinoma patients"
"SRR1535060"	"Illumina HiSeq 2000 paired end sequencing; Whole-exome sequencing of 103 intrahepatic cholangiocarcinoma patients"
"SRR1535061"	"Illumina HiSeq 2000 paired end sequencing; Whole-exome sequencing of 103 intrahepatic cholangiocarcinoma patients"
"SRR1535192"	"Illumina HiSeq 2000 paired end sequencing; Whole-exome sequencing of 103 intrahepatic cholangiocarcinoma patients"
"SRR1535193"	"Illumina HiSeq 2000 paired end sequencing; Whole-exome sequencing of 103 intrahepatic cholangiocarcinoma patients"
"SRR1535194"	"Illumina HiSeq 2000 paired end sequencing; Whole-exome sequencing of 103 intrahepatic cholangiocarcinoma patients"
"SRR1535195"	"Illumina HiSeq 2000 paired end sequencing; Whole-exome sequencing of 103 intrahepatic cholangiocarcinoma patients"
"SRR1535196"	"Illumina HiSeq 2000 paired end sequencing; Whole-exome sequencing of 103 intrahepatic cholangiocarcinoma patients"
"SRR1535197"	"Illumina HiSeq 2000 paired end sequencing; Whole-exome sequencing of 103 intrahepatic cholangiocarcinoma patients"
"SRR1535198"	"Illumina HiSeq 2000 paired end sequencing; Whole-exome sequencing of 103 intrahepatic cholangiocarcinoma patients"
"SRR1535199"	"Illumina HiSeq 2000 paired end sequencing; Whole-exome sequencing of 103 intrahepatic cholangiocarcinoma patients"
"SRR1535202"	"Illumina HiSeq 2000 paired end sequencing; Whole-exome sequencing of 103 intrahepatic cholangiocarcinoma patients"
"SRR1535203"	"Illumina HiSeq 2000 paired end sequencing; Whole-exome sequencing of 103 intrahepatic cholangiocarcinoma patients"
"SRR1535204"	"Illumina HiSeq 2000 paired end sequencing; Whole-exome sequencing of 103 intrahepatic cholangiocarcinoma patients"
"SRR1535205"	"Illumina HiSeq 2000 paired end sequencing; Whole-exome sequencing of 103 intrahepatic cholangiocarcinoma patients"
"SRR1535206"	"Illumina HiSeq 2000 paired end sequencing; Whole-exome sequencing of 103 intrahepatic cholangiocarcinoma patients"
"SRR1535207"	"Illumina HiSeq 2000 paired end sequencing; Whole-exome sequencing of 103 intrahepatic cholangiocarcinoma patients"
"SRR1535208"	"Illumina HiSeq 2000 paired end sequencing; Whole-exome sequencing of 103 intrahepatic cholangiocarcinoma patients"
"SRR1535209"	"Illumina HiSeq 2000 paired end sequencing; Whole-exome sequencing of 103 intrahepatic cholangiocarcinoma patients"
"SRR1535210"	"Illumina HiSeq 2000 paired end sequencing; Whole-exome sequencing of 103 intrahepatic cholangiocarcinoma patients"
"SRR1535211"	"Illumina HiSeq 2000 paired end sequencing; Whole-exome sequencing of 103 intrahepatic cholangiocarcinoma patients"
"SRR1535212"	"Illumina HiSeq 2000 paired end sequencing; Whole-exome sequencing of 103 intrahepatic cholangiocarcinoma patients"
"SRR1535213"	"Illumina HiSeq 2000 paired end sequencing; Whole-exome sequencing of 103 intrahepatic cholangiocarcinoma patients"
"SRR1535214"	"Illumina HiSeq 2000 paired end sequencing; Whole-exome sequencing of 103 intrahepatic cholangiocarcinoma patients"
"SRR1535215"	"Illumina HiSeq 2000 paired end sequencing; Whole-exome sequencing of 103 intrahepatic cholangiocarcinoma patients"
"SRR1535216"	"Illumina HiSeq 2000 paired end sequencing; Whole-exome sequencing of 103 intrahepatic cholangiocarcinoma patients"
"SRR1535217"	"Illumina HiSeq 2000 paired end sequencing; Whole-exome sequencing of 103 intrahepatic cholangiocarcinoma patients"
"SRR1535218"	"Illumina HiSeq 2000 paired end sequencing; Whole-exome sequencing of 103 intrahepatic cholangiocarcinoma patients"
"SRR1535219"	"Illumina HiSeq 2000 paired end sequencing; Whole-exome sequencing of 103 intrahepatic cholangiocarcinoma patients"
"SRR1535220"	"Illumina HiSeq 2000 paired end sequencing; Whole-exome sequencing of 103 intrahepatic cholangiocarcinoma patients"
"SRR1535221"	"Illumina HiSeq 2000 paired end sequencing; Whole-exome sequencing of 103 intrahepatic cholangiocarcinoma patients"
"SRR1535222"	"Illumina HiSeq 2000 paired end sequencing; Whole-exome sequencing of 103 intrahepatic cholangiocarcinoma patients"
"SRR1535223"	"Illumina HiSeq 2000 paired end sequencing; Whole-exome sequencing of 103 intrahepatic cholangiocarcinoma patients"
"SRR1535224"	"Illumina HiSeq 2000 paired end sequencing; Whole-exome sequencing of 103 intrahepatic cholangiocarcinoma patients"
"SRR1535225"	"Illumina HiSeq 2000 paired end sequencing; Whole-exome sequencing of 103 intrahepatic cholangiocarcinoma patients"
"SRR1535226"	"Illumina HiSeq 2000 paired end sequencing; Whole-exome sequencing of 103 intrahepatic cholangiocarcinoma patients"
"SRR1535227"	"Illumina HiSeq 2000 paired end sequencing; Whole-exome sequencing of 103 intrahepatic cholangiocarcinoma patients"
"SRR1535228"	"Illumina HiSeq 2000 paired end sequencing; Whole-exome sequencing of 103 intrahepatic cholangiocarcinoma patients"
"SRR1535229"	"Illumina HiSeq 2000 paired end sequencing; Whole-exome sequencing of 103 intrahepatic cholangiocarcinoma patients"
"SRR1535230"	"Illumina HiSeq 2000 paired end sequencing; Whole-exome sequencing of 103 intrahepatic cholangiocarcinoma patients"
"SRR1535231"	"Illumina HiSeq 2000 paired end sequencing; Whole-exome sequencing of 103 intrahepatic cholangiocarcinoma patients"
"SRR1535232"	"Illumina HiSeq 2000 paired end sequencing; Whole-exome sequencing of 103 intrahepatic cholangiocarcinoma patients"
"SRR1535233"	"Illumina HiSeq 2000 paired end sequencing; Whole-exome sequencing of 103 intrahepatic cholangiocarcinoma patients"
"SRR1535062"	"Illumina HiSeq 2000 paired end sequencing; Whole-exome sequencing of 103 intrahepatic cholangiocarcinoma patients"
"SRR1535063"	"Illumina HiSeq 2000 paired end sequencing; Whole-exome sequencing of 103 intrahepatic cholangiocarcinoma patients"
"SRR1535234"	"Illumina HiSeq 2000 paired end sequencing; Whole-exome sequencing of 103 intrahepatic cholangiocarcinoma patients"
"SRR1535236"	"Illumina HiSeq 2000 paired end sequencing; Whole-exome sequencing of 103 intrahepatic cholangiocarcinoma patients"
"SRR1535237"	"Illumina HiSeq 2000 paired end sequencing; Whole-exome sequencing of 103 intrahepatic cholangiocarcinoma patients"
"SRR1535238"	"Illumina HiSeq 2000 paired end sequencing; Whole-exome sequencing of 103 intrahepatic cholangiocarcinoma patients"
"SRR1535239"	"Illumina HiSeq 2000 paired end sequencing; Whole-exome sequencing of 103 intrahepatic cholangiocarcinoma patients"
"SRR1535240"	"Illumina HiSeq 2000 paired end sequencing; Whole-exome sequencing of 103 intrahepatic cholangiocarcinoma patients"
"SRR1535241"	"Illumina HiSeq 2000 paired end sequencing; Whole-exome sequencing of 103 intrahepatic cholangiocarcinoma patients"
"SRR1535242"	"Illumina HiSeq 2000 paired end sequencing; Whole-exome sequencing of 103 intrahepatic cholangiocarcinoma patients"
"SRR1535243"	"Illumina HiSeq 2000 paired end sequencing; Whole-exome sequencing of 103 intrahepatic cholangiocarcinoma patients"
"SRR1535244"	"Illumina HiSeq 2000 paired end sequencing; Whole-exome sequencing of 103 intrahepatic cholangiocarcinoma patients"
"SRR1535245"	"Illumina HiSeq 2000 paired end sequencing; Whole-exome sequencing of 103 intrahepatic cholangiocarcinoma patients"
"SRR1535246"	"Illumina HiSeq 2000 paired end sequencing; Whole-exome sequencing of 103 intrahepatic cholangiocarcinoma patients"
"SRR1535247"	"Illumina HiSeq 2000 paired end sequencing; Whole-exome sequencing of 103 intrahepatic cholangiocarcinoma patients"
"SRR1535248"	"Illumina HiSeq 2000 paired end sequencing; Whole-exome sequencing of 103 intrahepatic cholangiocarcinoma patients"
"SRR1535249"	"Illumina HiSeq 2000 paired end sequencing; Whole-exome sequencing of 103 intrahepatic cholangiocarcinoma patients"
"SRR1535250"	"Illumina HiSeq 2000 paired end sequencing; Whole-exome sequencing of 103 intrahepatic cholangiocarcinoma patients"
"SRR1535251"	"Illumina HiSeq 2000 paired end sequencing; Whole-exome sequencing of 103 intrahepatic cholangiocarcinoma patients"
"SRR1535252"	"Illumina HiSeq 2000 paired end sequencing; Whole-exome sequencing of 103 intrahepatic cholangiocarcinoma patients"
"SRR1535253"	"Illumina HiSeq 2000 paired end sequencing; Whole-exome sequencing of 103 intrahepatic cholangiocarcinoma patients"
"SRR1535254"	"Illumina HiSeq 2000 paired end sequencing; Whole-exome sequencing of 103 intrahepatic cholangiocarcinoma patients"
"SRR1535255"	"Illumina HiSeq 2000 paired end sequencing; Whole-exome sequencing of 103 intrahepatic cholangiocarcinoma patients"
"SRR1535256"	"Illumina HiSeq 2000 paired end sequencing; Whole-exome sequencing of 103 intrahepatic cholangiocarcinoma patients"
"SRR1535257"	"Illumina HiSeq 2000 paired end sequencing; Whole-exome sequencing of 103 intrahepatic cholangiocarcinoma patients"
"SRR1535258"	"Illumina HiSeq 2000 paired end sequencing; Whole-exome sequencing of 103 intrahepatic cholangiocarcinoma patients"
"SRR1535259"	"Illumina HiSeq 2000 paired end sequencing; Whole-exome sequencing of 103 intrahepatic cholangiocarcinoma patients"
"SRR1535260"	"Illumina HiSeq 2000 paired end sequencing; Whole-exome sequencing of 103 intrahepatic cholangiocarcinoma patients"
"SRR1535261"	"Illumina HiSeq 2000 paired end sequencing; Whole-exome sequencing of 103 intrahepatic cholangiocarcinoma patients"
"SRR1535262"	"Illumina HiSeq 2000 paired end sequencing; Whole-exome sequencing of 103 intrahepatic cholangiocarcinoma patients"
"SRR1535263"	"Illumina HiSeq 2000 paired end sequencing; Whole-exome sequencing of 103 intrahepatic cholangiocarcinoma patients"
"SRR1535264"	"Illumina HiSeq 2000 paired end sequencing; Whole-exome sequencing of 103 intrahepatic cholangiocarcinoma patients"
"SRR1535265"	"Illumina HiSeq 2000 paired end sequencing; Whole-exome sequencing of 103 intrahepatic cholangiocarcinoma patients"
"SRR1535266"	"Illumina HiSeq 2000 paired end sequencing; Whole-exome sequencing of 103 intrahepatic cholangiocarcinoma patients"
"SRR1535064"	"Illumina HiSeq 2000 paired end sequencing; Whole-exome sequencing of 103 intrahepatic cholangiocarcinoma patients"
"SRR1535065"	"Illumina HiSeq 2000 paired end sequencing; Whole-exome sequencing of 103 intrahepatic cholangiocarcinoma patients"
"SRR1535066"	"Illumina HiSeq 2000 paired end sequencing; Whole-exome sequencing of 103 intrahepatic cholangiocarcinoma patients"
"SRR1535067"	"Illumina HiSeq 2000 paired end sequencing; Whole-exome sequencing of 103 intrahepatic cholangiocarcinoma patients"
"SRR1535068"	"Illumina HiSeq 2000 paired end sequencing; Whole-exome sequencing of 103 intrahepatic cholangiocarcinoma patients"
"SRR1535069"	"Illumina HiSeq 2000 paired end sequencing; Whole-exome sequencing of 103 intrahepatic cholangiocarcinoma patients"
"SRR1535070"	"Illumina HiSeq 2000 paired end sequencing; Whole-exome sequencing of 103 intrahepatic cholangiocarcinoma patients"
"SRR1535071"	"Illumina HiSeq 2000 paired end sequencing; Whole-exome sequencing of 103 intrahepatic cholangiocarcinoma patients"
"SRR1535072"	"Illumina HiSeq 2000 paired end sequencing; Whole-exome sequencing of 103 intrahepatic cholangiocarcinoma patients"
"SRR1535073"	"Illumina HiSeq 2000 paired end sequencing; Whole-exome sequencing of 103 intrahepatic cholangiocarcinoma patients"
"SRR1535074"	"Illumina HiSeq 2000 paired end sequencing; Whole-exome sequencing of 103 intrahepatic cholangiocarcinoma patients"
"SRR1535075"	"Illumina HiSeq 2000 paired end sequencing; Whole-exome sequencing of 103 intrahepatic cholangiocarcinoma patients"
"SRR1535076"	"Illumina HiSeq 2000 paired end sequencing; Whole-exome sequencing of 103 intrahepatic cholangiocarcinoma patients"
"SRR1535077"	"Illumina HiSeq 2000 paired end sequencing; Whole-exome sequencing of 103 intrahepatic cholangiocarcinoma patients"
"SRR1535078"	"Illumina HiSeq 2000 paired end sequencing; Whole-exome sequencing of 103 intrahepatic cholangiocarcinoma patients"
"SRR1535079"	"Illumina HiSeq 2000 paired end sequencing; Whole-exome sequencing of 103 intrahepatic cholangiocarcinoma patients"
"SRR1535080"	"Illumina HiSeq 2000 paired end sequencing; Whole-exome sequencing of 103 intrahepatic cholangiocarcinoma patients"
"SRR1535081"	"Illumina HiSeq 2000 paired end sequencing; Whole-exome sequencing of 103 intrahepatic cholangiocarcinoma patients"
"SRR1535082"	"Illumina HiSeq 2000 paired end sequencing; Whole-exome sequencing of 103 intrahepatic cholangiocarcinoma patients"
"SRR1535083"	"Illumina HiSeq 2000 paired end sequencing; Whole-exome sequencing of 103 intrahepatic cholangiocarcinoma patients"
"SRR1535099"	"Illumina HiSeq 2000 paired end sequencing; Whole-exome sequencing of 103 intrahepatic cholangiocarcinoma patients"
"SRR1535100"	"Illumina HiSeq 2000 paired end sequencing; Whole-exome sequencing of 103 intrahepatic cholangiocarcinoma patients"
"SRR1535101"	"Illumina HiSeq 2000 paired end sequencing; Whole-exome sequencing of 103 intrahepatic cholangiocarcinoma patients"
"SRR1535102"	"Illumina HiSeq 2000 paired end sequencing; Whole-exome sequencing of 103 intrahepatic cholangiocarcinoma patients"
"SRR1535103"	"Illumina HiSeq 2000 paired end sequencing; Whole-exome sequencing of 103 intrahepatic cholangiocarcinoma patients"
"SRR1535104"	"Illumina HiSeq 2000 paired end sequencing; Whole-exome sequencing of 103 intrahepatic cholangiocarcinoma patients"
"SRR1535105"	"Illumina HiSeq 2000 paired end sequencing; Whole-exome sequencing of 103 intrahepatic cholangiocarcinoma patients"
"SRR1535106"	"Illumina HiSeq 2000 paired end sequencing; Whole-exome sequencing of 103 intrahepatic cholangiocarcinoma patients"
"SRR1535107"	"Illumina HiSeq 2000 paired end sequencing; Whole-exome sequencing of 103 intrahepatic cholangiocarcinoma patients"
"SRR1535108"	"Illumina HiSeq 2000 paired end sequencing; Whole-exome sequencing of 103 intrahepatic cholangiocarcinoma patients"
"SRR1535109"	"Illumina HiSeq 2000 paired end sequencing; Whole-exome sequencing of 103 intrahepatic cholangiocarcinoma patients"
"SRR1535110"	"Illumina HiSeq 2000 paired end sequencing; Whole-exome sequencing of 103 intrahepatic cholangiocarcinoma patients"
"SRR1535111"	"Illumina HiSeq 2000 paired end sequencing; Whole-exome sequencing of 103 intrahepatic cholangiocarcinoma patients"
"SRR1535112"	"Illumina HiSeq 2000 paired end sequencing; Whole-exome sequencing of 103 intrahepatic cholangiocarcinoma patients"
"SRR1535113"	"Illumina HiSeq 2000 paired end sequencing; Whole-exome sequencing of 103 intrahepatic cholangiocarcinoma patients"
"SRR1535114"	"Illumina HiSeq 2000 paired end sequencing; Whole-exome sequencing of 103 intrahepatic cholangiocarcinoma patients"
"SRR1535115"	"Illumina HiSeq 2000 paired end sequencing; Whole-exome sequencing of 103 intrahepatic cholangiocarcinoma patients"
"SRR1535116"	"Illumina HiSeq 2000 paired end sequencing; Whole-exome sequencing of 103 intrahepatic cholangiocarcinoma patients"
"SRR1535117"	"Illumina HiSeq 2000 paired end sequencing; Whole-exome sequencing of 103 intrahepatic cholangiocarcinoma patients"
"SRR1535118"	"Illumina HiSeq 2000 paired end sequencing; Whole-exome sequencing of 103 intrahepatic cholangiocarcinoma patients"
"SRR1535119"	"Illumina HiSeq 2000 paired end sequencing; Whole-exome sequencing of 103 intrahepatic cholangiocarcinoma patients"
"SRR1535120"	"Illumina HiSeq 2000 paired end sequencing; Whole-exome sequencing of 103 intrahepatic cholangiocarcinoma patients"
"SRR1535121"	"Illumina HiSeq 2000 paired end sequencing; Whole-exome sequencing of 103 intrahepatic cholangiocarcinoma patients"
"SRR1535122"	"Illumina HiSeq 2000 paired end sequencing; Whole-exome sequencing of 103 intrahepatic cholangiocarcinoma patients"
"SRR1535123"	"Illumina HiSeq 2000 paired end sequencing; Whole-exome sequencing of 103 intrahepatic cholangiocarcinoma patients"
"SRR1535124"	"Illumina HiSeq 2000 paired end sequencing; Whole-exome sequencing of 103 intrahepatic cholangiocarcinoma patients"
"SRR1535125"	"Illumina HiSeq 2000 paired end sequencing; Whole-exome sequencing of 103 intrahepatic cholangiocarcinoma patients"
"SRR1535126"	"Illumina HiSeq 2000 paired end sequencing; Whole-exome sequencing of 103 intrahepatic cholangiocarcinoma patients"
"SRR1535127"	"Illumina HiSeq 2000 paired end sequencing; Whole-exome sequencing of 103 intrahepatic cholangiocarcinoma patients"
"SRR6930016"	"Illumina HiSeq 2500 sequencing; ChIP-seq (Input) for Prdm5 in Mus musculus intrahepatic cholangiocarcinoma"
"SRR6930003"	"Illumina HiSeq 2500 sequencing; ChIP-seq (Input) for Prdm5 in Mus musculus intrahepatic cholangiocarcinoma"
"SRR6930022"	"Illumina HiSeq 2500 sequencing; ChIP-seq (Input) for Prdm5 in Mus musculus intrahepatic cholangiocarcinoma"
"SRR1535128"	"Illumina HiSeq 2000 paired end sequencing; Whole-exome sequencing of 103 intrahepatic cholangiocarcinoma patients"
"SRR1535129"	"Illumina HiSeq 2000 paired end sequencing; Whole-exome sequencing of 103 intrahepatic cholangiocarcinoma patients"
"SRR1535131"	"Illumina HiSeq 2000 paired end sequencing; Whole-exome sequencing of 103 intrahepatic cholangiocarcinoma patients"
"SRR1535132"	"Illumina HiSeq 2000 paired end sequencing; Whole-exome sequencing of 103 intrahepatic cholangiocarcinoma patients"
"SRR1535134"	"Illumina HiSeq 2000 paired end sequencing; Whole-exome sequencing of 103 intrahepatic cholangiocarcinoma patients"
"SRR1535137"	"Illumina HiSeq 2000 paired end sequencing; Whole-exome sequencing of 103 intrahepatic cholangiocarcinoma patients"
"SRR1535138"	"Illumina HiSeq 2000 paired end sequencing; Whole-exome sequencing of 103 intrahepatic cholangiocarcinoma patients"
"SRR1535140"	"Illumina HiSeq 2000 paired end sequencing; Whole-exome sequencing of 103 intrahepatic cholangiocarcinoma patients"
"SRR1535141"	"Illumina HiSeq 2000 paired end sequencing; Whole-exome sequencing of 103 intrahepatic cholangiocarcinoma patients"
"SRR1535144"	"Illumina HiSeq 2000 paired end sequencing; Whole-exome sequencing of 103 intrahepatic cholangiocarcinoma patients"
"SRR1535145"	"Illumina HiSeq 2000 paired end sequencing; Whole-exome sequencing of 103 intrahepatic cholangiocarcinoma patients"
"SRR1535146"	"Illumina HiSeq 2000 paired end sequencing; Whole-exome sequencing of 103 intrahepatic cholangiocarcinoma patients"
"SRR1535147"	"Illumina HiSeq 2000 paired end sequencing; Whole-exome sequencing of 103 intrahepatic cholangiocarcinoma patients"
"SRR1535148"	"Illumina HiSeq 2000 paired end sequencing; Whole-exome sequencing of 103 intrahepatic cholangiocarcinoma patients"
"SRR1535149"	"Illumina HiSeq 2000 paired end sequencing; Whole-exome sequencing of 103 intrahepatic cholangiocarcinoma patients"
"SRR1535150"	"Illumina HiSeq 2000 paired end sequencing; Whole-exome sequencing of 103 intrahepatic cholangiocarcinoma patients"
"SRR1535151"	"Illumina HiSeq 2000 paired end sequencing; Whole-exome sequencing of 103 intrahepatic cholangiocarcinoma patients"
"SRR1535152"	"Illumina HiSeq 2000 paired end sequencing; Whole-exome sequencing of 103 intrahepatic cholangiocarcinoma patients"
"SRR1535153"	"Illumina HiSeq 2000 paired end sequencing; Whole-exome sequencing of 103 intrahepatic cholangiocarcinoma patients"
"SRR1535154"	"Illumina HiSeq 2000 paired end sequencing; Whole-exome sequencing of 103 intrahepatic cholangiocarcinoma patients"
"SRR1535155"	"Illumina HiSeq 2000 paired end sequencing; Whole-exome sequencing of 103 intrahepatic cholangiocarcinoma patients"
"SRR1535156"	"Illumina HiSeq 2000 paired end sequencing; Whole-exome sequencing of 103 intrahepatic cholangiocarcinoma patients"
"SRR1535157"	"Illumina HiSeq 2000 paired end sequencing; Whole-exome sequencing of 103 intrahepatic cholangiocarcinoma patients"
"SRR1535159"	"Illumina HiSeq 2000 paired end sequencing; Whole-exome sequencing of 103 intrahepatic cholangiocarcinoma patients"
"SRR1535160"	"Illumina HiSeq 2000 paired end sequencing; Whole-exome sequencing of 103 intrahepatic cholangiocarcinoma patients"
"SRR1535036"	"Illumina HiSeq 2000 paired end sequencing; Whole-exome sequencing of 103 intrahepatic cholangiocarcinoma patients"
"SRR1535037"	"Illumina HiSeq 2000 paired end sequencing; Whole-exome sequencing of 103 intrahepatic cholangiocarcinoma patients"
"SRR1535038"	"Illumina HiSeq 2000 paired end sequencing; Whole-exome sequencing of 103 intrahepatic cholangiocarcinoma patients"
"SRR1535039"	"Illumina HiSeq 2000 paired end sequencing; Whole-exome sequencing of 103 intrahepatic cholangiocarcinoma patients"
"SRR1535040"	"Illumina HiSeq 2000 paired end sequencing; Whole-exome sequencing of 103 intrahepatic cholangiocarcinoma patients"
"SRR1535042"	"Illumina HiSeq 2000 paired end sequencing; Whole-exome sequencing of 103 intrahepatic cholangiocarcinoma patients"
"SRR1535041"	"Illumina HiSeq 2000 paired end sequencing; Whole-exome sequencing of 103 intrahepatic cholangiocarcinoma patients"
"SRR1535043"	"Illumina HiSeq 2000 paired end sequencing; Whole-exome sequencing of 103 intrahepatic cholangiocarcinoma patients"
"SRR1535161"	"Illumina HiSeq 2000 paired end sequencing; Whole-exome sequencing of 103 intrahepatic cholangiocarcinoma patients"
"SRR1535162"	"Illumina HiSeq 2000 paired end sequencing; Whole-exome sequencing of 103 intrahepatic cholangiocarcinoma patients"
"SRR1535163"	"Illumina HiSeq 2000 paired end sequencing; Whole-exome sequencing of 103 intrahepatic cholangiocarcinoma patients"
"SRR1535164"	"Illumina HiSeq 2000 paired end sequencing; Whole-exome sequencing of 103 intrahepatic cholangiocarcinoma patients"
"SRR1535165"	"Illumina HiSeq 2000 paired end sequencing; Whole-exome sequencing of 103 intrahepatic cholangiocarcinoma patients"
"SRR1535166"	"Illumina HiSeq 2000 paired end sequencing; Whole-exome sequencing of 103 intrahepatic cholangiocarcinoma patients"
"SRR1535167"	"Illumina HiSeq 2000 paired end sequencing; Whole-exome sequencing of 103 intrahepatic cholangiocarcinoma patients"
"SRR1535168"	"Illumina HiSeq 2000 paired end sequencing; Whole-exome sequencing of 103 intrahepatic cholangiocarcinoma patients"
"SRR1535169"	"Illumina HiSeq 2000 paired end sequencing; Whole-exome sequencing of 103 intrahepatic cholangiocarcinoma patients"
"SRR1535170"	"Illumina HiSeq 2000 paired end sequencing; Whole-exome sequencing of 103 intrahepatic cholangiocarcinoma patients"
"SRR1535171"	"Illumina HiSeq 2000 paired end sequencing; Whole-exome sequencing of 103 intrahepatic cholangiocarcinoma patients"
"SRR1535172"	"Illumina HiSeq 2000 paired end sequencing; Whole-exome sequencing of 103 intrahepatic cholangiocarcinoma patients"
"SRR1535173"	"Illumina HiSeq 2000 paired end sequencing; Whole-exome sequencing of 103 intrahepatic cholangiocarcinoma patients"
"SRR1535174"	"Illumina HiSeq 2000 paired end sequencing; Whole-exome sequencing of 103 intrahepatic cholangiocarcinoma patients"
"SRR1535175"	"Illumina HiSeq 2000 paired end sequencing; Whole-exome sequencing of 103 intrahepatic cholangiocarcinoma patients"
"SRR1535176"	"Illumina HiSeq 2000 paired end sequencing; Whole-exome sequencing of 103 intrahepatic cholangiocarcinoma patients"
"SRR1535177"	"Illumina HiSeq 2000 paired end sequencing; Whole-exome sequencing of 103 intrahepatic cholangiocarcinoma patients"
"SRR1535178"	"Illumina HiSeq 2000 paired end sequencing; Whole-exome sequencing of 103 intrahepatic cholangiocarcinoma patients"
"SRR1535179"	"Illumina HiSeq 2000 paired end sequencing; Whole-exome sequencing of 103 intrahepatic cholangiocarcinoma patients"
"SRR1535181"	"Illumina HiSeq 2000 paired end sequencing; Whole-exome sequencing of 103 intrahepatic cholangiocarcinoma patients"
"SRR1535182"	"Illumina HiSeq 2000 paired end sequencing; Whole-exome sequencing of 103 intrahepatic cholangiocarcinoma patients"
"SRR1535183"	"Illumina HiSeq 2000 paired end sequencing; Whole-exome sequencing of 103 intrahepatic cholangiocarcinoma patients"
"SRR1535184"	"Illumina HiSeq 2000 paired end sequencing; Whole-exome sequencing of 103 intrahepatic cholangiocarcinoma patients"
"SRR1535185"	"Illumina HiSeq 2000 paired end sequencing; Whole-exome sequencing of 103 intrahepatic cholangiocarcinoma patients"
"SRR1535186"	"Illumina HiSeq 2000 paired end sequencing; Whole-exome sequencing of 103 intrahepatic cholangiocarcinoma patients"
"SRR1535187"	"Illumina HiSeq 2000 paired end sequencing; Whole-exome sequencing of 103 intrahepatic cholangiocarcinoma patients"
"SRR1535188"	"Illumina HiSeq 2000 paired end sequencing; Whole-exome sequencing of 103 intrahepatic cholangiocarcinoma patients"
"SRR1535189"	"Illumina HiSeq 2000 paired end sequencing; Whole-exome sequencing of 103 intrahepatic cholangiocarcinoma patients"
"SRR1535190"	"Illumina HiSeq 2000 paired end sequencing; Whole-exome sequencing of 103 intrahepatic cholangiocarcinoma patients"
"SRR1535191"	"Illumina HiSeq 2000 paired end sequencing; Whole-exome sequencing of 103 intrahepatic cholangiocarcinoma patients"
"SRR6930018"	"Illumina HiSeq 2500 sequencing; ChIP-seq (Input) for Prdm5 in Mus musculus intrahepatic cholangiocarcinoma"
"SRR2571065"	"Illumina HiSeq 2000 sequencing; 16S rRNA profiling of non-infected cholangiocarcinoma tissue in patient 54"
"SRR2571066"	"Illumina HiSeq 2000 sequencing; 16S rRNA profiling of non-infected cholangiocarcinoma tissue in patient 55"
"SRR2571067"	"Illumina HiSeq 2000 sequencing; 16S rRNA profiling of non-infected cholangiocarcinoma tissue in patient 56"
"SRR2571071"	"Illumina HiSeq 2000 sequencing; 16S rRNA profiling of non-infected cholangiocarcinoma tissue in patient 60"
"SRR2570993"	"Illumina HiSeq 2000 sequencing; 16S rRNA profiling of fluke infected cholangiocarcinoma tissue in patient 14"
"SRR2570994"	"Illumina HiSeq 2000 sequencing; 16S rRNA profiling of fluke infected cholangiocarcinoma tissue in patient 15"
"SRR2570995"	"Illumina HiSeq 2000 sequencing; 16S rRNA profiling of fluke infected cholangiocarcinoma tissue in patient 16"
"SRR2570997"	"Illumina HiSeq 2000 sequencing; 16S rRNA profiling of fluke infected cholangiocarcinoma tissue in patient 18"
"SRR2570998"	"Illumina HiSeq 2000 sequencing; 16S rRNA profiling of fluke infected cholangiocarcinoma tissue in patient 19"
"SRR2570999"	"Illumina HiSeq 2000 sequencing; 16S rRNA profiling of fluke infected cholangiocarcinoma tissue in patient 20"
"SRR2570980"	"Illumina HiSeq 2000 sequencing; 16S rRNA profiling of fluke infected cholangiocarcinoma tissue in patient 1"
"SRR2570981"	"Illumina HiSeq 2000 sequencing; 16S rRNA profiling of fluke infected cholangiocarcinoma tissue in patient 2"
"SRR2570982"	"Illumina HiSeq 2000 sequencing; 16S rRNA profiling of fluke infected cholangiocarcinoma tissue in patient 3"
"SRR2570983"	"Illumina HiSeq 2000 sequencing; 16S rRNA profiling of fluke infected cholangiocarcinoma tissue in patient 4"
"SRR2570984"	"Illumina HiSeq 2000 sequencing; 16S rRNA profiling of fluke infected cholangiocarcinoma tissue in patient 5"
"SRR2570985"	"Illumina HiSeq 2000 sequencing; 16S rRNA profiling of fluke infected cholangiocarcinoma tissue in patient 6"
"SRR2570986"	"Illumina HiSeq 2000 sequencing; 16S rRNA profiling of fluke infected cholangiocarcinoma tissue in patient 7"
"SRR2570987"	"Illumina HiSeq 2000 sequencing; 16S rRNA profiling of fluke infected cholangiocarcinoma tissue in patient 8"
"SRR2570988"	"Illumina HiSeq 2000 sequencing; 16S rRNA profiling of fluke infected cholangiocarcinoma tissue in patient 9"
"SRR2570989"	"Illumina HiSeq 2000 sequencing; 16S rRNA profiling of fluke infected cholangiocarcinoma tissue in patient 10"
"SRR2570990"	"Illumina HiSeq 2000 sequencing; 16S rRNA profiling of fluke infected cholangiocarcinoma tissue in patient 11"
"SRR2570991"	"Illumina HiSeq 2000 sequencing; 16S rRNA profiling of fluke infected cholangiocarcinoma tissue in patient 12"
"SRR2570992"	"Illumina HiSeq 2000 sequencing; 16S rRNA profiling of fluke infected cholangiocarcinoma tissue in patient 13"
"SRR2570996"	"Illumina HiSeq 2000 sequencing; 16S rRNA profiling of fluke infected cholangiocarcinoma tissue in patient 17"
"SRR2571000"	"Illumina HiSeq 2000 sequencing; 16S rRNA profiling of fluke infected cholangiocarcinoma tissue in patient 21"
"SRR2571001"	"Illumina HiSeq 2000 sequencing; 16S rRNA profiling of fluke infected cholangiocarcinoma tissue in patient 22"
"SRR2571002"	"Illumina HiSeq 2000 sequencing; 16S rRNA profiling of fluke infected cholangiocarcinoma tissue in patient 23"
"SRR2571003"	"Illumina HiSeq 2000 sequencing; 16S rRNA profiling of fluke infected cholangiocarcinoma tissue in patient 24"
"SRR2571004"	"Illumina HiSeq 2000 sequencing; 16S rRNA profiling of fluke infected cholangiocarcinoma tissue in patient 25"
"SRR2571005"	"Illumina HiSeq 2000 sequencing; 16S rRNA profiling of fluke infected cholangiocarcinoma tissue in patient 26"
"SRR2571006"	"Illumina HiSeq 2000 sequencing; 16S rRNA profiling of fluke infected cholangiocarcinoma tissue in patient 27"
"SRR2571007"	"Illumina HiSeq 2000 sequencing; 16S rRNA profiling of fluke infected cholangiocarcinoma tissue in patient 28"
"SRR2571040"	"Illumina HiSeq 2000 sequencing; 16S rRNA profiling of non-infected cholangiocarcinoma tissue in patient 29"
"SRR2571041"	"Illumina HiSeq 2000 sequencing; 16S rRNA profiling of non-infected cholangiocarcinoma tissue in patient 30"
"SRR2571043"	"Illumina HiSeq 2000 sequencing; 16S rRNA profiling of non-infected cholangiocarcinoma tissue in patient 32"
"SRR2571044"	"Illumina HiSeq 2000 sequencing; 16S rRNA profiling of non-infected cholangiocarcinoma tissue in patient 33"
"SRR2571045"	"Illumina HiSeq 2000 sequencing; 16S rRNA profiling of non-infected cholangiocarcinoma tissue in patient 34"
"SRR2571046"	"Illumina HiSeq 2000 sequencing; 16S rRNA profiling of non-infected cholangiocarcinoma tissue in patient 35"
"SRR2571047"	"Illumina HiSeq 2000 sequencing; 16S rRNA profiling of non-infected cholangiocarcinoma tissue in patient 36"
"SRR2571048"	"Illumina HiSeq 2000 sequencing; 16S rRNA profiling of non-infected cholangiocarcinoma tissue in patient 37"
"SRR2571050"	"Illumina HiSeq 2000 sequencing; 16S rRNA profiling of non-infected cholangiocarcinoma tissue in patient 39"
"SRR2571051"	"Illumina HiSeq 2000 sequencing; 16S rRNA profiling of non-infected cholangiocarcinoma tissue in patient 40"
"SRR2571052"	"Illumina HiSeq 2000 sequencing; 16S rRNA profiling of non-infected cholangiocarcinoma tissue in patient 41"
"SRR2571054"	"Illumina HiSeq 2000 sequencing; 16S rRNA profiling of non-infected cholangiocarcinoma tissue in patient 43"
"SRR2571055"	"Illumina HiSeq 2000 sequencing; 16S rRNA profiling of non-infected cholangiocarcinoma tissue in patient 44"
"SRR2571056"	"Illumina HiSeq 2000 sequencing; 16S rRNA profiling of non-infected cholangiocarcinoma tissue in patient 45"
"SRR2571058"	"Illumina HiSeq 2000 sequencing; 16S rRNA profiling of non-infected cholangiocarcinoma tissue in patient 47"
"SRR2571060"	"Illumina HiSeq 2000 sequencing; 16S rRNA profiling of non-infected cholangiocarcinoma tissue in patient 49"
"SRR2571061"	"Illumina HiSeq 2000 sequencing; 16S rRNA profiling of non-infected cholangiocarcinoma tissue in patient 50"
"SRR2571062"	"Illumina HiSeq 2000 sequencing; 16S rRNA profiling of non-infected cholangiocarcinoma tissue in patient 51"
"SRR2571063"	"Illumina HiSeq 2000 sequencing; 16S rRNA profiling of non-infected cholangiocarcinoma tissue in patient 52"
"SRR2571064"	"Illumina HiSeq 2000 sequencing; 16S rRNA profiling of non-infected cholangiocarcinoma tissue in patient 53"
"SRR2571068"	"Illumina HiSeq 2000 sequencing; 16S rRNA profiling of non-infected cholangiocarcinoma tissue in patient 57"
"SRR2571069"	"Illumina HiSeq 2000 sequencing; 16S rRNA profiling of non-infected cholangiocarcinoma tissue in patient 58"
"SRR2571070"	"Illumina HiSeq 2000 sequencing; 16S rRNA profiling of non-infected cholangiocarcinoma tissue in patient 59"
"SRR2571042"	"Illumina HiSeq 2000 sequencing; 16S rRNA profiling of non-infected cholangiocarcinoma tissue in patient 31"
"SRR2571049"	"Illumina HiSeq 2000 sequencing; 16S rRNA profiling of non-infected cholangiocarcinoma tissue in patient 38"
"SRR2571053"	"Illumina HiSeq 2000 sequencing; 16S rRNA profiling of non-infected cholangiocarcinoma tissue in patient 42"
"SRR2571057"	"Illumina HiSeq 2000 sequencing; 16S rRNA profiling of non-infected cholangiocarcinoma tissue in patient 46"
"SRR2571059"	"Illumina HiSeq 2000 sequencing; 16S rRNA profiling of non-infected cholangiocarcinoma tissue in patient 48"
"SRR2570952"	"Illumina HiSeq 2000 sequencing; 16S rRNA profiling of fluke infected normal tissue associated with cholangiocarcinoma in patient 1"
"SRR2570953"	"Illumina HiSeq 2000 sequencing; 16S rRNA profiling of fluke infected normal tissue associated with cholangiocarcinoma in patient 2"
"SRR2570955"	"Illumina HiSeq 2000 sequencing; 16S rRNA profiling of fluke infected normal tissue associated with cholangiocarcinoma in patient 4"
"SRR2570967"	"Illumina HiSeq 2000 sequencing; 16S rRNA profiling of fluke infected normal tissue associated with cholangiocarcinoma in patient 16"
"SRR2570968"	"Illumina HiSeq 2000 sequencing; 16S rRNA profiling of fluke infected normal tissue associated with cholangiocarcinoma in patient 17"
"SRR2570969"	"Illumina HiSeq 2000 sequencing; 16S rRNA profiling of fluke infected normal tissue associated with cholangiocarcinoma in patient 18"
"SRR2570970"	"Illumina HiSeq 2000 sequencing; 16S rRNA profiling of fluke infected normal tissue associated with cholangiocarcinoma in patient 19"
"SRR2570973"	"Illumina HiSeq 2000 sequencing; 16S rRNA profiling of fluke infected normal tissue associated with cholangiocarcinoma in patient 22"
"SRR2570974"	"Illumina HiSeq 2000 sequencing; 16S rRNA profiling of fluke infected normal tissue associated with cholangiocarcinoma in patient 23"
"SRR2570975"	"Illumina HiSeq 2000 sequencing; 16S rRNA profiling of fluke infected normal tissue associated with cholangiocarcinoma in patient 24"
"SRR2570976"	"Illumina HiSeq 2000 sequencing; 16S rRNA profiling of fluke infected normal tissue associated with cholangiocarcinoma in patient 25"
"SRR2570954"	"Illumina HiSeq 2000 sequencing; 16S rRNA profiling of fluke infected normal tissue associated with cholangiocarcinoma in patient 3"
"SRR2570956"	"Illumina HiSeq 2000 sequencing; 16S rRNA profiling of fluke infected normal tissue associated with cholangiocarcinoma in patient 5"
"SRR2570957"	"Illumina HiSeq 2000 sequencing; 16S rRNA profiling of fluke infected normal tissue associated with cholangiocarcinoma in patient 6"
"SRR2570958"	"Illumina HiSeq 2000 sequencing; 16S rRNA profiling of fluke infected normal tissue associated with cholangiocarcinoma in patient 7"
"SRR2570959"	"Illumina HiSeq 2000 sequencing; 16S rRNA profiling of fluke infected normal tissue associated with cholangiocarcinoma in patient 8"
"SRR2570960"	"Illumina HiSeq 2000 sequencing; 16S rRNA profiling of fluke infected normal tissue associated with cholangiocarcinoma in patient 9"
"SRR2570961"	"Illumina HiSeq 2000 sequencing; 16S rRNA profiling of fluke infected normal tissue associated with cholangiocarcinoma in patient 10"
"SRR2570962"	"Illumina HiSeq 2000 sequencing; 16S rRNA profiling of fluke infected normal tissue associated with cholangiocarcinoma in patient 11"
"SRR2570963"	"Illumina HiSeq 2000 sequencing; 16S rRNA profiling of fluke infected normal tissue associated with cholangiocarcinoma in patient 12"
"SRR2570964"	"Illumina HiSeq 2000 sequencing; 16S rRNA profiling of fluke infected normal tissue associated with cholangiocarcinoma in patient 13"
"SRR2570965"	"Illumina HiSeq 2000 sequencing; 16S rRNA profiling of fluke infected normal tissue associated with cholangiocarcinoma in patient 14"
"SRR2570966"	"Illumina HiSeq 2000 sequencing; 16S rRNA profiling of fluke infected normal tissue associated with cholangiocarcinoma in patient 15"
"SRR2570971"	"Illumina HiSeq 2000 sequencing; 16S rRNA profiling of fluke infected normal tissue associated with cholangiocarcinoma in patient 20"
"SRR2570972"	"Illumina HiSeq 2000 sequencing; 16S rRNA profiling of fluke infected normal tissue associated with cholangiocarcinoma in patient 21"
"SRR2570977"	"Illumina HiSeq 2000 sequencing; 16S rRNA profiling of fluke infected normal tissue associated with cholangiocarcinoma in patient 26"
"SRR2570978"	"Illumina HiSeq 2000 sequencing; 16S rRNA profiling of fluke infected normal tissue associated with cholangiocarcinoma in patient 27"
"SRR2570979"	"Illumina HiSeq 2000 sequencing; 16S rRNA profiling of fluke infected normal tissue associated with cholangiocarcinoma in patient 28"
"SRR2571008"	"Illumina HiSeq 2000 sequencing; 16S rRNA profiling of non-infected normal tissue associated with cholangiocarcinoma in patient 29"
"SRR2571009"	"Illumina HiSeq 2000 sequencing; 16S rRNA profiling of non-infected normal tissue associated with cholangiocarcinoma in patient 30"
"SRR2571010"	"Illumina HiSeq 2000 sequencing; 16S rRNA profiling of non-infected normal tissue associated with cholangiocarcinoma in patient 31"
"SRR2571011"	"Illumina HiSeq 2000 sequencing; 16S rRNA profiling of non-infected normal tissue associated with cholangiocarcinoma in patient 32"
"SRR2571012"	"Illumina HiSeq 2000 sequencing; 16S rRNA profiling of non-infected normal tissue associated with cholangiocarcinoma in patient 33"
"SRR2571013"	"Illumina HiSeq 2000 sequencing; 16S rRNA profiling of non-infected normal tissue associated with cholangiocarcinoma in patient 34"
"SRR2571015"	"Illumina HiSeq 2000 sequencing; 16S rRNA profiling of non-infected normal tissue associated with cholangiocarcinoma in patient 36"
"SRR2571016"	"Illumina HiSeq 2000 sequencing; 16S rRNA profiling of non-infected normal tissue associated with cholangiocarcinoma in patient 37"
"SRR2571017"	"Illumina HiSeq 2000 sequencing; 16S rRNA profiling of non-infected normal tissue associated with cholangiocarcinoma in patient 38"
"SRR2571018"	"Illumina HiSeq 2000 sequencing; 16S rRNA profiling of non-infected normal tissue associated with cholangiocarcinoma in patient 39"
"SRR2571019"	"Illumina HiSeq 2000 sequencing; 16S rRNA profiling of non-infected normal tissue associated with cholangiocarcinoma in patient 40"
"SRR2571020"	"Illumina HiSeq 2000 sequencing; 16S rRNA profiling of non-infected normal tissue associated with cholangiocarcinoma in patient 41"
"SRR2571021"	"Illumina HiSeq 2000 sequencing; 16S rRNA profiling of non-infected normal tissue associated with cholangiocarcinoma in patient 42"
"SRR2571022"	"Illumina HiSeq 2000 sequencing; 16S rRNA profiling of non-infected normal tissue associated with cholangiocarcinoma in patient 43"
"SRR2571023"	"Illumina HiSeq 2000 sequencing; 16S rRNA profiling of non-infected normal tissue associated with cholangiocarcinoma in patient 44"
"SRR2571024"	"Illumina HiSeq 2000 sequencing; 16S rRNA profiling of non-infected normal tissue associated with cholangiocarcinoma in patient 45"
"SRR2571025"	"Illumina HiSeq 2000 sequencing; 16S rRNA profiling of non-infected normal tissue associated with cholangiocarcinoma in patient 46"
"SRR2571026"	"Illumina HiSeq 2000 sequencing; 16S rRNA profiling of non-infected normal tissue associated with cholangiocarcinoma in patient 47"
"SRR2571027"	"Illumina HiSeq 2000 sequencing; 16S rRNA profiling of non-infected normal tissue associated with cholangiocarcinoma in patient 48"
"SRR2571028"	"Illumina HiSeq 2000 sequencing; 16S rRNA profiling of non-infected normal tissue associated with cholangiocarcinoma in patient 49"
"SRR2571039"	"Illumina HiSeq 2000 sequencing; 16S rRNA profiling of non-infected normal tissue associated with cholangiocarcinoma in patient 60"
"SRR6316713"	"Illumina HiSeq 2500 sequencing; Matching peripherial blood for MSKCC IMPACT of Homo sapiens: &gt;71 years old Cholangiocarcinoma"
"SRR6314703"	"Illumina HiSeq 2500 sequencing; Matching peripherial blood for MSKCC IMPACT of Homo sapiens: 31-50 years old Cholangiocarcinoma"
"SRR2571014"	"Illumina HiSeq 2000 sequencing; 16S rRNA profiling of non-infected normal tissue associated with cholangiocarcinoma in patient 35"
"SRR2571029"	"Illumina HiSeq 2000 sequencing; 16S rRNA profiling of non-infected normal tissue associated with cholangiocarcinoma in patient 50"
"SRR2571030"	"Illumina HiSeq 2000 sequencing; 16S rRNA profiling of non-infected normal tissue associated with cholangiocarcinoma in patient 51"
"SRR2571031"	"Illumina HiSeq 2000 sequencing; 16S rRNA profiling of non-infected normal tissue associated with cholangiocarcinoma in patient 52"
"SRR2571032"	"Illumina HiSeq 2000 sequencing; 16S rRNA profiling of non-infected normal tissue associated with cholangiocarcinoma in patient 53"
"SRR2571033"	"Illumina HiSeq 2000 sequencing; 16S rRNA profiling of non-infected normal tissue associated with cholangiocarcinoma in patient 54"
"SRR2571034"	"Illumina HiSeq 2000 sequencing; 16S rRNA profiling of non-infected normal tissue associated with cholangiocarcinoma in patient 55"
"SRR2571035"	"Illumina HiSeq 2000 sequencing; 16S rRNA profiling of non-infected normal tissue associated with cholangiocarcinoma in patient 56"
"SRR2571036"	"Illumina HiSeq 2000 sequencing; 16S rRNA profiling of non-infected normal tissue associated with cholangiocarcinoma in patient 57"
"SRR2571037"	"Illumina HiSeq 2000 sequencing; 16S rRNA profiling of non-infected normal tissue associated with cholangiocarcinoma in patient 58"
"SRR2571038"	"Illumina HiSeq 2000 sequencing; 16S rRNA profiling of non-infected normal tissue associated with cholangiocarcinoma in patient 59"
"SRR6314397"	"Illumina HiSeq 2500 sequencing; Matching peripherial blood for MSKCC IMPACT of Homo sapiens: 31-50 years old Intrahepatic Cholangiocarcinoma"
"SRR9089174"	"HiSeq X Ten sequencing; Sequencing of 550 cancer-related genes and selected introns of human cholangiocarcinoma cell line : YSCCC"
"SRR9089173"	"HiSeq X Ten sequencing; Sequencing of 550 cancer-related genes and selected introns of human cholangiocarcinoma cell line : RBE"
"SRR6314374"	"Illumina HiSeq 2500 sequencing; Matching peripherial blood for MSKCC IMPACT of Homo sapiens: 50-60 years old Intrahepatic Cholangiocarcinoma"
"SRR6314705"	"Illumina HiSeq 2500 sequencing; Matching peripherial blood for MSKCC IMPACT of Homo sapiens: 61-70 years old Intrahepatic Cholangiocarcinoma"
"SRR9089184"	"HiSeq X Ten sequencing; Sequencing of 550 cancer-related genes and selected introns of human cholangiocarcinoma cell line : KKU-156"
"SRR9089180"	"HiSeq X Ten sequencing; Sequencing of 550 cancer-related genes and selected introns of human cholangiocarcinoma cell line : HuCCA-1"
"SRR9089179"	"HiSeq X Ten sequencing; Sequencing of 550 cancer-related genes and selected introns of human cholangiocarcinoma cell line : HuH-28"
"SRR9089176"	"HiSeq X Ten sequencing; Sequencing of 550 cancer-related genes and selected introns of human cholangiocarcinoma cell line : KKK-D138"
"SRR9089175"	"HiSeq X Ten sequencing; Sequencing of 550 cancer-related genes and selected introns of human cholangiocarcinoma cell line : KKU-214"
"SRR9089172"	"HiSeq X Ten sequencing; Sequencing of 550 cancer-related genes and selected introns of human cholangiocarcinoma cell line : KKU-213"
"SRR9089171"	"HiSeq X Ten sequencing; Sequencing of 550 cancer-related genes and selected introns of human cholangiocarcinoma cell line : KKU-055"
"SRR9089183"	"HiSeq X Ten sequencing; Sequencing of 550 cancer-related genes and selected introns of human cholangiocarcinoma cell line : TFK-1"
"SRR9089182"	"HiSeq X Ten sequencing; Sequencing of 550 cancer-related genes and selected introns of human cholangiocarcinoma cell line : KKU-100"
"SRR9089181"	"HiSeq X Ten sequencing; Sequencing of 550 cancer-related genes and selected introns of human cholangiocarcinoma cell line : SSP-25"
"SRR9089185"	"HiSeq X Ten sequencing; Sequencing of 550 cancer-related genes and selected introns of human cholangiocarcinoma cell line : KKK-D068"
"SRR9089177"	"HiSeq X Ten sequencing; Sequencing of 550 cancer-related genes and selected introns of human cholangiocarcinoma cell line : KKK-D131"
"SRR9089178"	"HiSeq X Ten sequencing; Sequencing of 550 cancer-related genes and selected introns of human cholangiocarcinoma cell line : HuCCT-1"
"SRR9136276"	"Illumina HiSeq 4000 sequencing; WXS of autopsy post-treatment cholangiocarcinoma in homo sapiens spread to the aorta esophagus lymph node: Sample CHOL_1"
"SRR9136279"	"Illumina HiSeq 4000 sequencing; WXS of autopsy post-treatment cholangiocarcinoma in homo sapiens spread to a site in the liver: Sample CHOL_2"
"SRR9136281"	"Illumina HiSeq 4000 sequencing; WXS of autopsy post-treatment cholangiocarcinoma in homo sapiens spread to a site in the liver: Sample CHOL_4"
"SRR9136282"	"Illumina HiSeq 4000 sequencing; WXS of autopsy post-treatment cholangiocarcinoma in homo sapiens spread to the left kidney lymph node: Sample CHOL_5"
"SRR9136284"	"Illumina HiSeq 4000 sequencing; WXS of autopsy post-treatment cholangiocarcinoma in homo sapiens spread to a site in the liver: Sample CHOL_7"
"SRR9136285"	"Illumina HiSeq 4000 sequencing; WXS of autopsy post-treatment cholangiocarcinoma in homo sapiens spread to a site in the liver: Sample CHOL_8"
"SRR9136286"	"Illumina HiSeq 4000 sequencing; WXS of biopsy post-treatment cholangiocarcinoma in homo sapiens spread to a site in the liver: Sample CHOL_9"
"SRR9136277"	"Illumina HiSeq 4000 sequencing; WXS of biopsy pre-treatment cholangiocarcinoma in homo sapiens spread to a site in the liver: Sample CHOL_10"
"SRR9136278"	"Illumina HiSeq 4000 sequencing; WXS of autopsy post-treatment cholangiocarcinoma in homo sapiens spread to a site in the liver: Sample CHOL_11"
"SRR9136280"	"Illumina HiSeq 4000 sequencing; WXS of autopsy post-treatment cholangiocarcinoma in homo sapiens spread to a site in the liver: Sample CHOL_3"
"SRR9136283"	"Illumina HiSeq 4000 sequencing; WXS of autopsy post-treatment cholangiocarcinoma in homo sapiens spread to the right kidney lymph node: Sample CHOL_6"
"SRR922334"	"Illumina Genome Analyzer IIx paired end sequencing; &quot;Exome sequencing of human bile duct cancer, Opisthorchis viverrini related cholangiocarcinoma (CCA)-NR104&quot;"
"SRR922346"	"Illumina Genome Analyzer IIx paired end sequencing; &quot;Exome sequencing of human bile duct cancer, Opisthorchis viverrini related cholangiocarcinoma (CCA)-TR104&quot;"
"SRR922342"	"Illumina Genome Analyzer IIx paired end sequencing; &quot;Exome sequencing of human bile duct cancer, Opisthorchis viverrini related cholangiocarcinoma (CCA)-NU44   &quot;"
"SRR922348"	"Illumina Genome Analyzer IIx paired end sequencing; &quot;Exome sequencing of human bile duct cancer, Opisthorchis viverrini related cholangiocarcinoma (CCA)-TU44&quot;"
"SRR922341"	"Illumina Genome Analyzer IIx paired end sequencing; &quot;Exome sequencing of human bile duct cancer, Opisthorchis viverrini related cholangiocarcinoma (CCA)-NT26  &quot;"
"SRR922347"	"Illumina Genome Analyzer IIx paired end sequencing; &quot;Exome sequencing of human bile duct cancer, Opisthorchis viverrini related cholangiocarcinoma (CCA)-TT26&quot;"
"SRR922345"	"Illumina Genome Analyzer IIx paired end sequencing; &quot;Exome sequencing of human bile duct cancer, Opisthorchis viverrini related cholangiocarcinoma (CCA)-NW40 &quot;"
"SRR922340"	"Illumina Genome Analyzer IIx paired end sequencing; &quot;Exome sequencing of human bile duct cancer, Opisthorchis viverrini related cholangiocarcinoma (CCA)-BO99T  &quot;"
"SRR922343"	"Illumina Genome Analyzer IIx paired end sequencing; &quot;Exome sequencing of human bile duct cancer, Opisthorchis viverrini related cholangiocarcinoma (CCA)-NW12  &quot;"
"SRR922349"	"Illumina Genome Analyzer IIx paired end sequencing; &quot;Exome sequencing of human bile duct cancer, Opisthorchis viverrini related cholangiocarcinoma (CCA)-TW12     &quot;"
"SRR922344"	"Illumina Genome Analyzer IIx paired end sequencing; &quot;Exome sequencing of human bile duct cancer, Opisthorchis viverrini related cholangiocarcinoma (CCA)-NW39  &quot;"
"SRR922350"	"Illumina Genome Analyzer IIx paired end sequencing; &quot;Exome sequencing of human bile duct cancer, Opisthorchis viverrini related cholangiocarcinoma (CCA)-TW39&quot;"
"SRR922335"	"Illumina Genome Analyzer IIx paired end sequencing; &quot;Exome sequencing of human bile duct cancer, Opisthorchis viverrini related cholangiocarcinoma (CCA)-BO85N  &quot;"
"SRR922337"	"Illumina Genome Analyzer IIx paired end sequencing; &quot;Exome sequencing of human bile duct cancer, Opisthorchis viverrini related cholangiocarcinoma (CCA)-BO85T&quot;"
"SRR922336"	"Illumina Genome Analyzer IIx paired end sequencing; &quot;Exome sequencing of human bile duct cancer, Opisthorchis viverrini related cholangiocarcinoma (CCA)-BO85NR &quot;"
"SRR922338"	"Illumina Genome Analyzer IIx paired end sequencing; &quot;Exome sequencing of human bile duct cancer, Opisthorchis viverrini related cholangiocarcinoma (CCA)-BO85TR &quot;"
"SRR922351"	"Illumina Genome Analyzer IIx paired end sequencing; &quot;Exome sequencing of human bile duct cancer, Opisthorchis viverrini related cholangiocarcinoma (CCA)-TW40&quot;"
"SRR922339"	"Illumina Genome Analyzer IIx paired end sequencing; &quot;Exome sequencing of human bile duct cancer, Opisthorchis viverrini related cholangiocarcinoma (CCA)-BO99N  &quot;"
"SRR5058352"	"Illumina HiSeq 2500 sequencing; Genome-wide analysis of miR-106b targets in cholangiocarcinoma cells identifies tumor suppressors Kruppel-like factor-2 and-6, characterization of an antiapoptotic microRNA"
"SRR5058353"	"Illumina HiSeq 2500 sequencing; Genome-wide analysis of miR-106b targets in cholangiocarcinoma cells identifies tumor suppressors Kruppel-like factor-2 and-6, characterization of an antiapoptotic microRNA"
"SRR5058355"	"Illumina HiSeq 2500 sequencing; Genome-wide analysis of miR-106b targets in cholangiocarcinoma cells identifies tumor suppressors Kruppel-like factor-2 and-6, characterization of an antiapoptotic microRNA"
"SRR5058356"	"Illumina HiSeq 2500 sequencing; Genome-wide analysis of miR-106b targets in cholangiocarcinoma cells identifies tumor suppressors Kruppel-like factor-2 and-6, characterization of an antiapoptotic microRNA"
"SRR5058354"	"Illumina HiSeq 2500 sequencing; Genome-wide analysis of miR-106b targets in cholangiocarcinoma cells identifies tumor suppressors Kruppel-like factor-2 and-6, characterization of an antiapoptotic microRNA"
